canal,gasto,revenue,ROAS
Organic,913533.0099999999,3192678.040000012,3.4948688280021893
Paid_Search,863088.2100000001,3221265.3000000017,3.732255014814768
Social,918043.2100000014,3232870.9000000074,3.521480105495255
Unknown,177179.09999999998,12262.62,0.06921030753627264
